[
  {
    "word": "論証",
    "dateAdded": "11-01-24"
  },
  {
    "word": "懇談会",
    "dateAdded": "11-01-24"
  },
  {
    "word": "沈黙",
    "dateAdded": "11-01-24"
  },
  {
    "word": "検証する",
    "dateAdded": "11-01-24"
  },
  {
    "word": "見解",
    "dateAdded": "11-01-24"
  },
  {
    "word": "省察",
    "dateAdded": "11-01-24"
  },
  {
    "word": "理論的",
    "dateAdded": "11-01-24"
  },
  {
    "word": "稀少",
    "dateAdded": "11-01-24"
  },
  {
    "word": "皮膚科",
    "dateAdded": "11-05-24"
  },
  {
    "word": "耳鼻科",
    "dateAdded": "11-05-24"
  },
  {
    "word": "息苦しい",
    "dateAdded": "11-05-24"
  },
  {
    "word": "ぐったり",
    "dateAdded": "11-05-24"
  },
  {
    "word": "がらがら",
    "dateAdded": "11-05-24"
  },
  {
    "word": "ぎっしり",
    "dateAdded": "11-05-24"
  },
  {
    "word": "起きる",
    "dateAdded": "11-05-24"
  },
  {
    "word": "万一",
    "dateAdded": "11-05-24"
  },
  {
    "word": "揺れ",
    "dateAdded": "11-05-24"
  },
  {
    "word": "ようとしても",
    "dateAdded": "11-05-24"
  },
  {
    "word": "その他",
    "dateAdded": "11-05-24"
  },
  {
    "word": "話し合う",
    "dateAdded": "11-05-24"
  },
  {
    "word": "うちに",
    "dateAdded": "11-05-24"
  },
  {
    "word": "てからないと",
    "dateAdded": "11-05-24"
  },
  {
    "word": "疑問文",
    "dateAdded": "11-05-24"
  },
  {
    "word": "ピーナツ",
    "dateAdded": "11-05-24"
  },
  {
    "word": "コップ",
    "dateAdded": "11-05-24"
  },
  {
    "word": "遠回り",
    "dateAdded": "example"
  },
  {
    "word": "手入れ",
    "dateAdded": "example"
  }
]